Number,Title,Author,banHao,Date,Download,Links,Contents,Keywords
281,中国疫情“倒春寒”牵动人心,樊巍;赵觉珵;万琳;辛斌;,001,2022-03-17,119,https://kns.cnki.net/kcms2/article/abstract?v=DNPf6DgFiJsTadSDTS8GRpQiBV3KGt8cePGovexQzI_psVSSb0sdvunIx4RMbJPFcMw1RdU6OlJ3IjJLBp7bEhIGqXSrfKrQMqbcB4Ey9PrH3omwmnYxxrN7RbhCHu6s&uniplatform=NZKPT,"中国内地新增新冠肺炎确诊病例15日达到1860例，但较前一日回落近半。“要相信我们国家一旦发现哪个地方出现了疫情，就一定可以把它扑灭。”深圳市第三人民医院院长卢洪洲16日接受《环球时报》记者采访时这样表示。在已经取得国际公认的疫情防控巨大成功的背景下，目前中国内地疫情正在经历的这一轮“倒春寒”，格外牵动人心。而中国政府防疫政策的最新动向，包括刚刚公布的“新冠肺炎诊疗方案第九版”，以及新冠病毒抗原自测盒的推广等，更引发各方关注解读。眼下欧洲多国正因急于“解封”面临新一轮疫情反弹，外界更多地开始相信：中国坚持“动态清零”政策是“停一下，为了更好的出发”。16日，沪指涨幅超过3%，一扫前一天大跌5%的阴霾。有分析认为，新版新冠肺炎诊疗方案的出台和国务院金融稳定发展委员会专题会议的召开鼓舞了市场信心。
“无论哪个城市跌倒，都将得到国家的帮助”
3月15日0—24时，中国31个省（自治区、直辖市）和新疆生产建设兵团报告新增本土病例1860例（其中吉林1456例），比前一日新增本土病例数（3602例）少了近一半。
据路透社16日报道，15日中国内地报告本土病例较上日回落近半，分布在21个省区市，吉林、山东和广东病例数居前。此外当日新增本土无症状感染者1194例，亦有回落。牛津大学流行病学教授陈铮鸣表示：“未来两周是关键，决定现有政策是否真的能有效遏制感染增长，甚至像我们去年看到的那样，在一个城市实现完全零病例。”
美国有线电视新闻网（CNN）16日称，这次疫情的传播速度远远快于之前几波传染性较低的病毒变异。与其他国家相比，中国内地新增确诊数字可能听起来较低，但对于一个在整个大流行期间一直通过严格“清零”政策来遏制疫情和传播链的国家来说，这数字是惊人的。
中国疾控中心流行病学首席专家吴尊友日前对媒体表示，虽然我国当前面临的疫情形势十分严峻，但在“动态清零”总方针的指引下，只要我们克服麻痹思想，再接再厉，坚持严防死守不松懈，扎实落实常态化防控的各项疫情防控措施，全国疫情形势在未来几周就一定会得到明显控制。卢洪洲院长16日对《环球时报》记者说，只要我们发现疫情，即使一时找不到源头，但通过核酸检测的手段，就能斩断后续的传播链。
3月14日，吉林省委副书记、省长韩俊在疫情防控会上表示，该省疫情中心吉林市的疫情要在一周时间实现社会面清零。香港《南华早报》16日引用香港大学公共卫生学院副教授朱华晨的话说，尽管吉林的病例数量达到了前所未有的水平，但她相信疫情将得到控制。她说：“我对内地的疫情控制能力有充分的信心，即使吉林有这么多的病例。因为这个系统保证，无论哪个城市跌倒，都将得到国家的帮助，最终战胜困难。”
吉林省卫生健康委员会副主任张力16日在吉林省疫情防控工作新闻发布会上表示，当前，吉林省正全力以赴开展医疗救治，感谢国家支援和兄弟省市大力支持。截至14日，来自多个省份的近1000名医护和核酸检测人员已经前往吉林支援抗疫，仅14日一天就有9趟包机抵达长春机场。民航系统连续两天将抗原检测试剂运抵长春。
《华尔街日报》16日称，中国实施的防疫措施因地区而异，期限长短不一，具体取决于疫情规模和当地条件，包括人口密度和政府可利用的资源。兰州大学新冠肺炎疫情预测系统的初步预测结果显示，在当前政府采取的及时、有效的管控措施下，中国内地本轮疫情预计将于4月初得到控制，预计累计感染约3.5万人。
新版方案减轻医疗负担
国家卫生健康委15日晚发布《新型冠状病毒肺炎诊疗方案（试行第九版）》，涉及增加抗原检测作为补充、对病例实施分类收治、调整解除隔离标准等若干事项的重点修订。
新加坡《联合早报》16日称，中国官方推出新版新冠肺炎诊疗方案，提出轻症病例可免入院治疗，并缩短出院后健康监测时间，“释放出放宽防疫管控的信号”。和此前版本相比，第九版方案在病例判断、收治标准、解除隔离管理和出院标准，以及出院后健康监测期都有明显调整。中国官方向来将“无症状感染者”和“确诊病例”分开计算，但新版方案中已经不再提“无症状感染者”。在收治标准上，前一版方案要求疑似及确诊病例都应在定点医院隔离治疗，而新版方案要求对病例实施分类收治，对轻型病例只实行集中隔离管理，不再要求到定点医院集中治疗。根据新版方案，感染者在解除管理或出院后，只须继续进行7天居家健康监测，不仅时间缩短，监管强度也降低。诊疗方案调整后，轻症病例占用的医疗资源将大幅减少。结合本周中国政府开放抗原自测试剂的售卖，轻症病例可实现自测和居家治疗，有助减轻医院负担、避免医疗资源挤兑。而缩短出院后健康监测期，则进一步减少患病对民众生活的影响。
国内一位不具名的传染病学专家16日对《环球时报》记者表示，此次《方案》调整有两个出发点：第一，为适应奥密克戎变异毒株传染性强、轻症病例较多、病死率相对较低的特点；第二，让医疗资源可以更加合理地分配与应用。香港大学生物病毒学专家金冬雁则评价称，《方案》从实际出发，更加精准、更加科学、更加常态化。在第九版诊疗方案中，明确提出要进一步规范抗病毒治疗。并将国家药监局批准的两种特异性抗新冠病毒药物即利托那韦片和国产单克隆抗体（安巴韦单抗/罗米司韦单抗注射液）写入诊疗方案。卢洪洲对《环球时报》记者说，特效疫苗和有效的口服小分子抗病毒治疗药物，是未来全面放开的必备条件，“尤其是吸入性的有效的疫苗，我一直强调吸入性的，这种疫苗在呼吸道可以产生非常好的保护作用。”
守住底线，保留政策空间
据美国彭博新闻社15日报道，欧洲多国因急于“解封”而面临疫情反弹的风险。上周，奥地利叫停了强制成年人接种新冠疫苗的法令。法国从本周一开始解除几乎所有限制措施，包括不再强制民众在学校、办公室和商店等多数公共场所戴口罩。德国将于本周日结束其剩余的疫情限制措施。英格兰将于本周四取消最后的限制，并于4月1日结束免费大规模核酸检测。“但与此同时，疫情在欧洲正再次变得越来越明显”。报道称，随着更具传染性的奥密克戎亚型变异毒株BA.2迅速传播，德国新冠病毒感染率连续4天破纪录，奥地利新增病例也达到新高，荷兰病例则在解除几乎所有限制后翻了一倍。法国首席流行病学家德尔夫雷斯在接受当地电台采访时敦促民众保持谨慎，并建议高风险人群继续戴口罩。他说：“新冠肺炎大流行还没有结束。”
CNN评论称，随着越来越多新冠变异毒株的传播，许多国家放弃了严格的“清零”政策，转而与病毒“共存”，而中国依然在坚守“动态清零”。有中国网友发微博称：“如果我们仓促行事，会吃苦头的。”
公共卫生和流行病学专家曾光对《环球时报》记者表示，中国现在还达不到逐步放开的条件，如果想要逐渐放宽防控，有两个漏洞需要堵上，第一个就是解决接种疫苗后抗体自然减退的问题。对老年人而言，抗体下降得更快，有些可能接种两次依旧没有产生抗体。另一个漏洞是，目前我国老年人接种率依旧偏低，不管哪一种毒株，对这一类人的威胁都很大。“我个人认为如果把这两个漏洞补上，中国就可以逐渐地放宽限制”。
耶鲁大学公共卫生学院副教授陈希对《环球时报》记者表示，虽然国内防疫政策处在调整期，但仍需要坚持“动态清零”，尚不具备大规模放松甚至“躺平”的条件。
《纽约时报》16日对中国严格防控新一轮疫情表达不满，称“他们正在实施给全球供应链增添混乱的封闭管理和限制措施”。文章称，中国的制造业约占全球制造业的1/3，政府实施的防疫措施“正在打乱丰田和大众汽车、苹果手机等制成品的生产，也在打乱电路板和计算机缆线等零部件的生产”。
不过，“外交学者”网站16日引用荷兰国际集团经济学家彭蔼娆的话称，“除非全中国都受到新冠肺炎疫情的影响，否则不会出现特定商品的真正短缺，例如手机”。景顺亚太区全球市场策略师赵耀庭表示，中国政府的“动态清零”政策是用“有针对性的封锁”降低经济和社会成本。他说：“许多人认为这是一个巨大的风险，可能会导致中国经济进一步疲软。但我认为，这为决策者提供了更改其防疫政策的空间。”
",诊疗方案; 倒春寒;
282,香港围封沙滩防控疫情,叶蓝;,010,2022-03-17,0,https://kns.cnki.net/kcms2/article/abstract?v=DNPf6DgFiJsTadSDTS8GRpQiBV3KGt8cePGovexQzI_psVSSb0sdvunIx4RMbJPFjyu-8HBUQREwezD8PLerGyASmyIsnrk7av8_kcZczZhCO-SJzEk_ue3hkh9bsmpD&uniplatform=NZKPT,"3月天气渐热，通常是香港市民开始大批到各区沙滩泳池玩耍聚会的季节。然而在疫情之下，这种近距离、大规模聚集显然不合时宜，甚至大部分连口罩也不戴。香港康文署为此决定，一改这波疫情以来“只关不封”的情况，将禁止市民进入各个泳滩。
康文署16日表示，为减少人群聚集将加强管理，17日起关闭辖下所有登记的泳滩，直至另行通告。康文署表示，会加强围封各泳滩，避免市民进入。发言人同时呼吁，市民疫情期间尽量留在家中，同心抗疫。
香港特区行政长官林郑月娥16日称，沙滩是康文署辖下场地管理，现在已没有再提供服务，包括当值的救生员，但许多市民仍到沙滩聚集，且没有戴口罩。她强调，围封沙滩不是新措施，过去疫情时也曾采取类似措施，希望可以减少人流聚集，保障社会安全。林郑月娥说，现在香港已采取最严格的社交距离措施，暂时没有计划再次收紧，但近期交通工具出行次数有微升迹象，反映市民出现松懈。
香港有漫长而曲折的海岸线，有许多海湾和海滩。然而，随着香港发展和城市化程度的提高，一些以前适合游泳的海滩被关闭，后来随着水质改善又重新开放。其中，香港约有一半适合游泳的海滩由康乐署管理，并被正式称为宪报公布（正式登记）的海滩。
第三波疫情暴发期间，康文署也曾关闭泳滩。此次第五波疫情虽然严峻，康文署辖下大部分康乐和文化场地及设施暂停开放，但泳滩一直没有关闭，大批市民涌到各区泳滩嬉戏。虽然有香港市民认为，现在天气还未回暖，且有“限聚令”等措施，但香港《东方日报》16日的报道称，香港多区15日最高气温达到30摄氏度，在位于屯门的黄金海岸，沙滩上人山人海，有家长带着孩子玩水，还有游客下水畅泳。在现场能看到，很多市民都没戴口罩，大量人群聚集的情况非常严重。
有港媒16日评论称，近日天气转暖，不少市民前往石澳、大浪湾等泳滩嬉水、冲浪，不戴口罩的亦大有人在，“二人限聚令”形同虚设。如此漏洞引起一部分香港市民批评，有评论表示，香港在暴发第三波疫情时，公共泳滩曾封闭3个月，如今疫情远比第三波严峻，公共泳滩却不受限制，这是什么道理？文章认为，香港疫情发展到现在，固然是因为病毒传播力太强，但也与抗疫心态和思维分不开。接种疫苗、全民检测、“港康码”、动员公务员抗疫，都给人慢半拍的感觉；实施号称有史以来最严厉的限聚措施，偏偏泳客如织的公共泳滩却没有禁，成为传播疫情的漏洞。如此怎能早日稳控疫情，让生活恢复正常？
卫生署卫生防护中心传染病处主任张竹君16日公布，当天新增29272例确诊病例，包括14454例核酸检测阳性以及14818例“快测阳性呈报”病例。香港再增加278人死亡，年龄介于35岁至105岁，其中198人是65岁或以上老人。第五波疫情，香港已累计有4847例死亡病例，数字超过内地。
",疫情; 市民; 沙滩; 围封;
283,疫情期间数学家发挥重要作用,王逸;,005,2022-03-17,1,https://kns.cnki.net/kcms2/article/abstract?v=DNPf6DgFiJsTadSDTS8GRpQiBV3KGt8cePGovexQzI_psVSSb0sdvunIx4RMbJPF6IaKQwPCl-aGu14RHUpu9SajF4beDauVlgtQCwst2N3Oa9aJaaed3vFWBoIF-r3Q&uniplatform=NZKPT,"联合国教科文组织日前发布名为《数学在行动》的研究报告，指出数学家在应对新冠肺炎疫情、气候变化和自然灾害等挑战中发挥了重要作用。
据联合国教科文组织网站15日报道，《数学在行动》是为纪念3月14日“国际数学日”特别发布。该研究指出，我们可能没有足够的数学家来解决人类面临的气候变化、流行疾病等各种复杂挑战。全球超过四成的人口面临热带气旋造成的洪水威胁，但通过新的数学模型和更优化的算法，可以提前一周预测热带气旋路径，而在2019年还只能提前5天。
此外，引用数学用语的新闻报道已经成为新冠肺炎疫情期间的常态。数学方法还能用来实现更高效的疫苗研发，并为相关工作进行建模。数学家还能通过建模为生态决策提供重要信息，从而预判未来出现的情景。
为了让人们关注数学对社会进步的广泛贡献，以及为年轻人提供的职业前景，联合国教科文组织2019年宣布设立“国际数学日”。
",数学家; 联合国教科文组织; 重要作用;
284,中国疫情防控不能也不会“躺平”,NA;,014,2022-03-16,485,https://kns.cnki.net/kcms2/article/abstract?v=DNPf6DgFiJsTadSDTS8GRpQiBV3KGt8cePGovexQzI_psVSSb0sdvunIx4RMbJPFbVpbNiLv--P61uXMs55iGiFz27kagR1C7-oZJP6koXM8whmI_knxPDKqT_zzVTY5&uniplatform=NZKPT,"3月15日，在国务院联防联控机制新闻发布会上，国家卫健委新闻发言人表示，近期我国多地多点发生本土聚集性疫情。3月以来，疫情发生频次明显增加，感染人数快速增长，已波及28个省份。新一波疫情呈“点多、面广、频发”特征。据统计，今年3个多月的累计确诊病例已经超过了去年累计确诊病例的总和，中国的疫情防控面临着严峻复杂的挑战。
越是这个时候，我们越是要坚持“外防输入、内防反弹”总策略和“动态清零”总方针。应该看到，尽管奥密克戎变异株来势汹汹，但整体上仍处于可控状态；确诊人数虽然创了两年多来新高，但在世界范围内感染比例依然极低。更为重要的是，几乎所有中国人都确信，疫情最终一定会被扑灭，各地新增感染数字一定会清零，大规模的人道灾难更不会在中国发生。
这样的普遍预期，正是基于中国疫情防控总策略和总方针的成功。它在最大程度上保障了人民生命健康，保障了正常生产生活秩序，保障了产业链供应链的安全。事实也证明，在应对奥密克戎变异株引发的疫情方面，“动态清零”总方针和一系列防控措施仍然是行之有效的。当然，奥密克戎变异株传播更快、隐匿性更强的特点，要求我们的防控措施更早、更快、更严、更实。也就是说，疫情防控这根弦需要时刻绷紧，在特殊时期需要绷得更紧，否则就可能前功尽弃。
我们注意到，一些西方媒体借着这次疫情，再度掀起对中国“动态清零”的质疑声浪。国内互联网上一部分人受这种论调影响，也认为出于经济考虑，中国应像西方那样，放弃“清零”、尽早“躺平”。但他们绝口不提，西方国家非不为也，实不能也；更不会提，这些国家因为“躺平”，付出了多么惨重的生命代价。如果几千万甚至更多的人感染，中国人承受不起，中国医疗体系也扛不住，正常的经济社会生活都将无从谈起。
“动态清零”不是追求“零感染”，而是通过快速精准的全链条防控措施，实现以最小成本取得最大成效，尽快把疫情控制住。无论从确诊、死亡的数字看，还是从经济发展的数据看，中国疫情防控的成功都毋庸置疑。3月15日，国家统计局公布的数据显示，前两个月我国主要经济指标均有所回升，国民经济恢复好于预期。可以说，我们在疫情防控中已经积累了丰富的经验，采取的一系列措施也能够有效阻断疫情传播，对经济的影响会逐步得到控制。
事实证明，中国的抗疫路子是对的，效果也是好的。在疫情防控中，国家有整合资源的能力，政府有对人民负责的态度，老百姓有配合抗疫的意愿，这是中国与西方最大的不同。当然，“动态清零”也不是僵化的、一成不变的，这对各地各部门提出了更高要求，包括坚持“戴着口罩抓发展”，学会“十个指头弹钢琴”，既不能不作为，更不能乱作为，在构筑疫情防控严密防线的同时，最大限度减少对企业和群众生产生活影响，最大限度保持经济和社会的发展活力。
总之，中国疫情防控不能也不会“躺平”。当然，相关措施一直在根据实际情况进行调整，就在15日，国家卫健委发布了最新版的诊疗方案，在检测、管理与治疗上进行了多处重大更新。此外，还有许多工作需要做好，包括继续提高疫苗接种率，加快研发抗病毒药物，建立更加完备的应急处置预案，等等。我们不打无准备之仗，只有把工作做在前面，才能牢牢掌握疫情防控主动权。
",疫情防控;
285,日增确诊44万，韩媒自嘲“全球第一”,张静;赵风英;孙微;,004,2022-03-16,60,https://kns.cnki.net/kcms2/article/abstract?v=DNPf6DgFiJsTadSDTS8GRpQiBV3KGt8cePGovexQzI_psVSSb0sdvunIx4RMbJPFDnPAh-SLBhG3D3nNCqNQ_U9oHkm5NQeB5JtVUznSRe4lMd_2qmpOs5rq3WE862T5&uniplatform=NZKPT,"韩国日增确诊病例数以绝对优势高居全球之首。韩国《亚洲日报》15日以“韩新冠日增以‘压倒性优势’全球第一”为题报道称，韩国新冠确诊病例连续数日突破30万——在全球所有新增新冠确诊患者中，每四名就有一名出自韩国境内。据韩国防疫部门和地方政府的初步统计，截至当地时间3月15日21时，韩国在21小时内新增新冠肺炎确诊病例441423例，刷新最高纪录。韩政府同日强调，韩国新冠病毒致死率远低于其他国家，且呈现逐步下降的趋势。与此同时，世界其他国家的疫情以及抗疫措施也都在发生变化。
韩国:日增数稳居世界第一
据韩联社报道，韩国中央防疫对策本部15日通报，截至当天零时，过去24小时新增新冠确诊病例362338例，新增死亡病例293例，新增危重症病例1196例，三个数据均创疫情以来新高。死者包括两名9岁以下的儿童。
据全球统计网站Worldometer公布的最新数据，韩国确诊数约占全球总确诊病例的26.5%，超出第二名德国10万例。日本新增确诊病例数仅为韩国的六分之一。此前，韩国政府曾表示新冠确诊态势将于本周触顶，并进一步放宽防疫限制。但有防疫专家指出，现在放宽防疫措施为时尚早。
另据韩联社15日报道，首尔大学的研究小组当天发布的一项调查结果显示，认为自己很可能会感染新冠病毒的韩国人占比27.8%，创下近两年来的最高纪录。韩国中央应急处置本部社会战略组组长孙映莱15日在记者会上表示，韩国近4周新冠致死率低于0.1%，与季节性流感的致死率基本持平。
对于韩国政府的抗疫态度，韩国《朝鲜日报》15日发表社论，题为“全球确诊韩国占21%，政府却让民众‘自己小心’”。社论称，在疫情如此严重的情况下，韩国政府的防疫政策愈发令人费解。
法国：口罩不再强制佩戴
“没有口罩，就好像是‘裸体’出行，很奇怪的感觉”。法国电视三台14日称，法国政府当天大幅放宽防疫措施。不但取消疫苗通行证（医院及养老院除外），在室内也不再必须佩戴口罩（公共交通、医院及养老院除外）。劳工部长博尔纳宣布，自14日起取消企业防疫规定。各企业可根据自身情况实施相应防疫措施，如不戴口罩或居家办公等。
这突如其来的“自由”，对反疫苗者而言如同“重获新生”。一些上班族表示“没了口罩，和同事的交流与合作明显更加舒畅和高效”。但也有人对此非常谨慎。《20分钟报》称，很多人依然将口罩严实地戴在脸上，他们想继续防疫又怕与周围格格不入。24岁的路易丝就表示，生活不会“什么也没发生过那样回归正轨”，“特别是在人挤人的环境里，不戴口罩仿佛‘裸体’出行。我现在每天还要洗很多次手”。法国放宽限制措施，将平息去年7月持续至今的周六反疫苗、反防疫措施大游行。有评论称，在距本届总统大选一个月作出上述决定，显然是马克龙政府为拓宽连任之路的一种“收买人心之举”。
入境英国无需检测
英国政府14日宣布，将于3月18日凌晨4时起，取消所有针对新冠疫情制定的入境限制措施，所有入境英国的旅客都无需进行入境新冠检测或填写“乘客定位表”。英国航空业对这一决定表示欢迎，但不少科学界人士则表示担忧，称疫情数字居高不下，但英国政府却认为已足够安全，这“令人失望”。
新冠感染调查国家统计办公室的最新数据显示，英国的病例最近有所增加。《卫报》15日报道称，英国卫生大臣贾维德表示，在放宽限制后，英国人应该为新冠病毒感染的上升做好准备，为降低重症风险，他敦促有资格接种加强疫苗的成年人接种一剂，因为仍有20%的人尚未接种加强针。对此，伦敦卫生与热带医学学院的建模师亚当表示，应该将长期的疫苗接种方式提上日程。
",确诊病例; 防疫措施;
286,吉林省单日破3000，怎么防控,樊巍;郝爽言;,005,2022-03-16,27,https://kns.cnki.net/kcms2/article/abstract?v=DNPf6DgFiJsTadSDTS8GRpQiBV3KGt8cePGovexQzI_psVSSb0sdvunIx4RMbJPFvywH12ffXS0Ynvx_sYWTgl5QNmsPJBTFaKg7JjH5lqs0jyG9LWwsazoxfLCsfHha&uniplatform=NZKPT,"编者的话：据国家卫健委15日通报，截至3月14日0-24时，吉林省新增本土确诊病例3076例，其中吉林市一地就新增2601例、长春市新增460例。在3月14日晚举行的吉林省疫情防控领导小组会议上，吉林省委副书记、省长韩俊强调，要采取果断有效措施解决堵点问题，统筹调配资源力量，提高全流程效率，坚决打好吉林市全员核酸筛查全覆盖、阳性患者全收治、密接人员全集中隔离三大攻坚战，一周时间实现社会面清零。公共卫生专家在接受《环球时报》记者采访时表示，吉林市一周时间实现社会面清零的目标，如果采取比较果断严格的政策是完全有可能实现的。
奥密克戎隐匿传播增加防控难度
长春市卫健委于15日14时通报，截至3月15日0-12时，长春市新增本地确诊病例730例。而在3月15日上午举行的吉林省第36场新冠肺炎疫情防控工作新闻发布会上，吉林省卫生健康委副主任张力介绍，截至3月15日9时，吉林省现存新冠病毒初筛阳性人员1427例，以上人员仍是近期疫情重点地区开展全员核酸检测筛查出的初筛阳性临床诊断人员，以上人员已经全部落实了管控措施。
据此前公开报道，自2月28日吉林省珲春市报告第一例新冠肺炎确诊病例以来，十余天中，吉林省的阳性感染者数量急速增长。其中吉林市、长春市疫情较严重，两市感染者数量占全省90%以上。而从3月8日开始，吉林市每日检出的阳性人员总数就维持在三位数（新增本土确诊病例加无症状感染者）。从12日开始，长春市病例也呈快速增加态势。
吉林市疾控中心主任孙殿伟在接受媒体采访时表示，通过现有感染者的流行病学调查发现，2月开始，疫情就已在吉林市隐匿传播。有疾控专家分析认为，随着检测工作推进，预计未来新增报告感染人数还将增加。据吉林卫健委通报，3月15日0-9时，全省新增本地确诊病例317例（均为轻型）。
吉林省卫生健康委副主任、省疫情防控工作领导小组办公室疫情防控组组长张艳在接受媒体采访时也表示，感染者数量出现较大幅度上升，一方面反映出奥密克戎变异毒株传播隐匿、传染性强、传播速度快，早期难于发现，易形成社区传播；另一方面，反映出个别地区面对疫情快速上升的形势，医疗资源扩容能力不足，导致短时间内集中收治受限；个别地区应急处置机制不够健全，对奥密克戎特点和严峻复杂的疫情形势认识不足、研判不准，落实“应检尽检、应隔尽隔、应治尽治、应管尽管”方面还有差距。
一位不愿具名的疾控专家15日在接受《环球时报》记者采访时表示，此波疫情暴露出发现疫情后处理不及时的问题。感染者未能尽快隔离，密切接触者未能及时排查隔离，这说明当地防疫出现了松懈。
该专家同时表示，奥密克戎毒株传播较为隐蔽也造成疫情的急剧恶化。该专家认为，奥密克戎造成的无症状感染者和轻症感染者比例较高，在这种情况下想要及时发现感染者难度较大。
在3月15日下午举行的国务院联防联控机制新闻发布会上，国家卫健委医政医管局局长焦雅辉介绍称，吉林省这次病例主要集中在长春市和吉林市两个地方，我们采取了分类救治的措施，吉林省截至15日上午在院病例8201例，其中吉林市危重型2例、重型2例，长春市重型2例，普通型占比大概是4%左右。也就是说95%以上的患者是无症状感染者和轻型病例。
吉林市能一周实现社会面清零吗
吉林省提出吉林市要在一周时间实现社会面清零的目标。这一目标在目前病例数快速增长的态势下可以完成吗？
一位不愿具名的公共卫生专家在接受《环球时报》记者采访时表示，吉林省提出一周实现吉林市社会面清零的目标，如果是采取比较果断严格的政策是有可能实现的。但吉林省现在面临的问题就是，怎样去调动和统筹足够的人力、物力保障全省的检测和疫情防护工作。“而且吉林省不能疏忽广大的农村地区，那些地方人力资源少，检测能力不够，也容易成为防疫工作的短板。”
在3月15日举行的国务院联防联控机制新闻发布会上，焦雅辉介绍称，国家卫健委已在第一时间向长春市和吉林市派出国家专家组，指导吉林市和长春市的医疗救治工作，从黑龙江调派一支重症医疗队，从河南、内蒙和江西调派3支普通医疗队，同时从辽宁调派救护车辆支援吉林市的病例转运工作。国家调派的医疗队整建制接管了收治重型和危重型以及有高风险因素患者的定点医院的重症病区和相关病区。同时派出国家级专家，一方面每天早上在定点医院早交班、早查房，及时发现患者的病情变化，有针对性地采取救治措施。另一方面在方舱医院和其他定点医院采取巡回指导方式，及时发现转重或者有高风险因素的患者，并及时转到救治力量强的定点医院，通过综合施策来提高整体救治效果。
据报道，14日当天，就有共计9架医疗包机陆续抵达长春机场，共计1014名医疗人员和2.5万余公斤抗疫物资抵达长春。此外，据《环球时报》记者了解，曾在此前武汉疫情中，接管全国第一批方舱医院——武昌方舱医院的武汉大学人民医院紧急医学救援队，也于3月15日上午奔赴吉林省吉林市。
长春市民赵先生对《环球时报》记者表示，自家所在区疫情不算严重，小区也没有确诊病例，但现在封闭管控相对严格，到15日自己已做第四轮核酸了。赵先生说：“小区现在夜间不让出行，在小区里散步也不行。每家隔两天允许一人外出购物。现在菜都能买到，购物也没有受到那么严重的影响，只不过现在快递停发，无论是网购还是向外邮寄都不行，有一些不便。”一位在中学任教的吉林市市民对《环球时报》记者说，“之前能凭借通行证出入小区，现在都是禁止外出的状态。因为并非第一次面对这种情况，所以大家也能做好准备，小区内的超市和销售水果蔬菜的连锁店也供应得上，唯一区别就是不能随意出门。”
抗原检测试剂将发挥作用
为尽快摸清疫情本底，提高提升检测能力，刚刚获批上市的抗原检测试剂已在吉林省得到广泛应用。在14日举行的吉林省疫情防控发布会上，吉林省工信厅副厅长宋晓辉表示，吉林省工信厅已第一时间通过省卫健委、国家卫健委渠道，短时间在全国范围内订购了1200万人份抗原检测试剂。
“抗原检测操作简单，个人在家就可以做到，只需15-20分钟就能出结果，能够更方便检测自己是否感染新冠病毒。”宋晓辉介绍说，根据国务院联防联控机制有关会议精神和吉林省目前的实际情况，针对奥密克戎传播特点，推广“抗原筛查、核酸诊断”检测模式，在核酸检测基础上，增加抗原检测作为补充。
国家重大公共卫生事件医学中心、华中科技大学同济医院感染科主任宁琴15日在接受《环球时报》记者采访时表示，抗原检测是对现有核酸检测方法的一种补充。疫情防控到现阶段，检测手段需要向人口基数更大的广大基层铺开，居家自测应该是最简便有效的方法。而抗原检测正好具备这样的优势，因为它不需要高精尖的技术设备，也不需要高端的平台。它在一般的基层医院、社区卫生机构或边远山区诊所，甚至居家，都能够进行测试。“针对当下的疫情防控，涉及多点多面，非常需要发挥基层社区和个人自身的力量。调动全社会的力量，甚至实现我们的公民都能够居家进行自我检测。这样才能整体提升疫情防控能力，形成人人都参与的疫情防控模式。”宁琴称。
",吉林省; 疫情防控; 确诊病例; 方舱医院; 《环球时报》;
287,内地医护紧急支援香港抗疫,叶蓝;,010,2022-03-16,23,https://kns.cnki.net/kcms2/article/abstract?v=DNPf6DgFiJsTadSDTS8GRpQiBV3KGt8cePGovexQzI_psVSSb0sdvunIx4RMbJPFXEDVc13pSOlG4LGvE8_EKqsoSyN5-glqWsvd9t9ky4QzundRTg7dScsO-V_1S7hw&uniplatform=NZKPT,"香港卫生署卫生防护中心传染病处首席医生欧家荣15日公布，香港当天新增11956例经核酸检测确诊的病例，其中4例为输入病例，另有15809例是经“呈报平台”登记及确认的病例。第五波疫情累计已有748919例确诊病例，共造成4355人死亡。
香港医疗系统不堪重负。据香港《星岛日报》15日报道，行政长官林郑月娥14日宣布，中央已派出内地医疗团队到港协助，首批75人已经抵达，另外300人将在本周稍后时间来港。预计相关人员在亚洲博览馆小区治疗中心及北大屿山香港感染控制中心工作，上述两个医疗地点共有2000多张病床，需要数千名医疗人员支持。
港媒称，这75人14日经深圳湾口岸抵港，包括36名医生和39名护士，分别来自广州、深圳、佛山、珠海4个城市的14家三甲公立医院，从事呼吸内科、肾内科、心血管内科等与老年患者救治密切相关的科室，其中还包括6名感控专家以及4名中医师。内地支持香港抗疫工作专班检测与医疗组组长、国家卫健委医政医管局副局长李大川说，亚博馆小区治疗设施收治的患者以老年人为主，且多数合并有基础疾病，是重症和危重症的高危人员。医疗队到港后会迅速开展工作，努力减少重症和病亡。中山大学孙逸仙纪念医院医务科科长余涛称，医疗队员均为抗疫经验丰富的救治专家及一线抗疫骨干，大多参与过广东、湖北等地疫情防控工作，熟练掌握粤语和英语，熟悉香港社会，出发前还接受过专门培训。公共医疗医生协会会长凌霄志表示，内地医护人员会专责照顾部分病人，但在做出用药或出院等医疗决定时，需要先与香港医护人员沟通。
2月底，香港特别行政区行政会议修改《紧急法》规例，允许内地人员及项目可在港工作。食物及卫生局局长陈肇始说，“我衷心感谢中央政府及广东省政府在短期内征集援港医疗队来港协助抗疫，来港的内地医护人员均经验丰富，为本港应对第五波疫情打下一支强心针”。针对有人质疑两地在医疗方式和程序上有区别，医管局行政总裁高拔升回应称，两地治疗方法及观察非常相似，例如什么情况下需要静脉注射、处方的药物、如何使用氧气等，基本上都根据国际标准，相信两地合作不会出现大问题。他说，内地比较习惯用中文，香港习惯用英语，不过港府已经加入中文输入法，过程顺利。港府称，内地医疗人员来港需要放下在内地的治疗工作，这是内地对香港“极大力度的支援”。
因应院舍人手短缺，社会福利署早前紧急从内地聘用1000名临时合约照顾员，经培训后直接到暂托中心照顾老人，连同各项津贴，每月收入可达3万多港元。《星岛日报》称，由于香港老人大多没有接种或未完成接种疫苗，导致院舍成了这波疫情的高危场所，令本来有意来港工作的照顾员显得踌躇、观望。劳工及福利局局长罗致光14日透露，约120名内地照顾员已经投入服务或受训中，另有约240人预计本周内抵港。
港大医学院表示，与之前的预测一致，香港第五波疫情应该已于本月4日达到顶峰。截至14日，估计香港已有358万人受到感染。在公共卫生及社交距离措施不变的前提下，如果香港民众的社交接触维持在目前的低水平，感染人数及相应确诊人数预计会在3月底有更明显的下降。港大医学院根据模型推算，香港感染人数在4月底及5月中旬会分别降至1000及100以下，届时估计疫情感染人数达到448万，而死亡人数则有5102人。
有港媒15日评论称，内地医护精英临危受命、火速驰援，为缓解香港前线医护重负、救治每一个患者送来及时雨。派出大批医护的广东省正面临疫情反复的挑战，但没有把自己同样急需的医护精英留在当地，而是慷慨援港，同时想尽一切办法，全面保障输港物资正常供应，“这种无私奉献精神，给香港抗疫带来巨大鼓舞力量”，相信可为香港降低重症死亡率、减轻医护重担提供巨大助力。文章说，内地医护来港支持，是弥补香港抗疫短板、提升抗疫能力的重要一环。虽然内地和香港医护在常用语言、治疗手法等方面有所不同，但这些差异根本不会成为阻延内地医护早日投入工作的障碍。
",感染人数; 紧急支援;
288,中国坚定阻击“严峻复杂”疫情,樊巍;青木;辛斌;,016,2022-03-16,36,https://kns.cnki.net/kcms2/article/abstract?v=DNPf6DgFiJsTadSDTS8GRpQiBV3KGt8cePGovexQzI_psVSSb0sdvunIx4RMbJPF8OLI6JB0j1WNnmoG8hC38GCPEYleEo64zlChx_oGUCshX_REsS4InsWzNVNAtOMM&uniplatform=NZKPT,"与新冠病毒的“持久战”在继续。14日，31个省（自治区、直辖市）和新疆生产建设兵团报告新增确诊病例3602例，无症状感染者1768例。这是疫情暴发以来中国报告的最高单日新增确诊病例数。中国目前的疫情离不开一个关键背景，就是全球正受第四波疫情影响，特别是中国周边国家和地区疫情高位流行。德国新闻电视台15日说，与德国日增20万确诊病例相比，中国的新增病例数低得离谱。不少外媒都有这样的感叹，同时它们开始“担心”中国疫情对供应链的影响。15日，中国国家卫生健康委新闻发言人用“防控形势严峻复杂”描述当下情形，他同时表示，实践证明，我国现行的“动态清零”总方针和一系列防控措施应对奥密克戎变异株疫情是行之有效的。有研究称，下月初，这轮疫情将得到控制。
28个省份被波及
15日下午，在国务院联防联控机制举行的新闻发布会上，国家卫生健康委新闻发言人米锋表示，近期，我国多地多点发生本土聚集性疫情，主要为奥密克戎变异株，传播快、隐匿性强。会上通报，3月1日至14日，本土疫情累计报告感染者超过1.5万例，波及28个省份。国务院联防联控机制综合组已向吉林、广东、山东、河北、云南、黑龙江等地派出工作组。
“周二，中国各地共有近3000万人被封锁，激增的病例数带来大规模检测的回归，身着防护服的卫生官员重返城市街道，其规模为疫情大流行以来所未见。”法新社称，受疫情影响最大的是吉林，该省省长周一晚上表示，吉林市力争一周实现社会面清零。
吉林省14日新增3076例本土确诊病例。15日0-12时，长春市新增本土确诊病例730例。15日0-9时，吉林市新增本土确诊病例201例（均为轻型）。截至15日22时，吉林市共划定高风险地区1个、中风险地区30个。
美国国家公共电台报道说，中国正在抗击“史上最高水平的”疫情，本月初以来，确诊病例已逾万。在最近的疫情中，高传染性的奥密克戎变异株的传播速度比追踪接触者的速度要快。截至周二，河北省的廊坊及中国南部的深圳和东莞也被“封锁”。
在北京，14日16时至15日16时，新增6例本土确诊病例和2例无症状感染者。市疾控中心对近期新增的14例感染者标本进行全基因组测序，结果显示病毒均属奥密克戎变异株。
在上海，15日新增4例本土确诊病例和101例本土无症状感染者。此外，卫生官员表示，上海没有采取“封城”“停摆”等措施，现在也不必“封城”，各单位可根据自身特点错峰上下班，有条件的阶段性居家办公。
为缓解上海疫情防控压力，中国民航局宣布，3月21日至5月1日期间，调整部分上海入境国际客运航班，涉及5家航空公司、22条航线，共计106班，入境点将由浦东机场调至成都、大连等12个口岸机场。
外媒“担忧”供应链
“新冠肺炎病例激增迫使制造业中心深圳和长春一些工厂关闭。”《华尔街日报》15日称，深圳和长春实施封闭管理，许多电子和汽车工厂停产，给屡受打击的全球供应链带来新威胁。富士康等多家制造商表示，按照当地政府政策暂停在深圳的生产。
德国《经济周刊》以“中国的新冠危机——全球经济的新危险”为题报道称，新的疫情浪潮已导致大众汽车和苹果供应商富士康停产。大众汽车的一名女发言人表示，一家大众工厂、一家奥迪工厂和一家零部件工厂受到影响，但工厂关闭并不自动意味着减少车辆生产。文章称，苹果停产可能会导致全球iPhone短缺。
据美国CNBC网站15日报道，迈威尔科技有限公司总裁墨菲表示，“封城”将对电子行业造成干扰，尤其是在深圳，“在我的职业生涯中，我去过那里很多次。这是一座拥有1700万人口的城市，所以会出现一些混乱”。
实际上，深圳只是实行更加严格的防控措施，而非一些外媒想象中的“封城”。来深和离深的通道均未关闭，市内出租车、网约车不停运，私家车可出行。在封闭式管理的工业园区内，企业可以正常生产经营。有媒体提到，世界第四繁忙的盐田港港区各项操作及周边拖车业务均正常作业。
认为中国经济将大受影响的声音也不少。美国彭博社引述澳新银行经济学家的估计称，随着其他地区病例增多，中国一半的GDP和人口将受最新疫情影响。中国人民大学经济学院教授于春海对新加坡《联合早报》表示，这波疫情对经济的短期影响显著，不过，一旦通过本轮压力测试，相信防疫措施会很快放松，入夏之后生产投资提速能对冲目前的停滞。
15日，中国国家统计局新闻发言人付凌晖坦言，疫情会对部分地区的经济恢复造成一定影响，但从全国来看，形势总体稳定。“我们在疫情防控中已经积累了丰富的经验，经济受到的影响会逐步得到控制。当然，因疫情变化还存在一些不确定性，下阶段对经济的影响还需要观察。”
中国能够控制住疫情
中国疾控中心流行病学首席专家吴尊友对《环球时报》记者表示，中国出现这种局部聚集性疫情多点同时发生的局面，一是受全球尤其是亚洲疫情高发的影响，二是因奥密克戎变异株传染性强，三是近期多数感染者无症状或症状轻微造成发现难。因此，我们的防控措施需要更敏感地捕获疫情，并更快、更准地作出反应。
在不少分析看来，欧美国家放松疫情防控，不仅使其本国的疫情加剧，同时向世界加速传播扩散，特别是疫情从欧美陆续输往东南亚。世界卫生组织14日的数据显示，全球累计确诊病例达456797217例。香港Now新闻台15日称，世界卫生组织对香港中通社表示，全球新冠疫情尚未稳定，现在不是放宽防疫规定的时候。
《联合早报》15日刊文称，上海和深圳一个是东部直辖市，另一个是被视为“准直辖”的南大门。跟其他国家和地区上万起单日新增病例数相比，深圳、上海甚至吉林省的情况都不算严重。但放置在中国“动态清零”的大背景下，破百破千的新增病例迅速拉响警报。
路透社报道说，根据位于中国西北的兰州大学运行的预测系统，在累计约3.5万例确诊病例后，本轮疫情将于4月初得到控制。该大学在最新评估中表示，只要继续实施严格的控制措施，中国就可以控制住疫情。
深圳市第三人民医院院长卢洪洲告诉《环球时报》记者，中国各地出现输入性病例的情况难以避免，如果没有及时发现，就会导致聚集性病例，聚集性病例如果没有尽早发现就会导致疫情大流行，所以一定要坚持“动态清零”。他认为，此次多地出现聚集性疫情提醒我们，常态化疫情防控的各种措施还需加强，不是说要扩大防控范围，而是要加强对高危行业和人群的检测力度。要相信，我们国家一旦发现哪里出现疫情，就一定能把它扑灭。即使一时找不到源头，通过核酸检测手段也能斩断后续传播链。
与此同时，国家卫生健康委在不断调整新冠病毒肺炎诊疗方案。15日公布的最新版方案提到对病例实施分类收治，轻型病例集中隔离管理，将“出院后继续进行14天隔离管理和健康状况监测”修改为“解除隔离管理或出院后继续进行7天居家健康监测”等。
",变异株; 确诊病例;
289,逃离日常，韩国年轻人爱上“放空”,林龙优;,009,2022-03-15,75,https://kns.cnki.net/kcms2/article/abstract?v=DNPf6DgFiJsTadSDTS8GRpQiBV3KGt8cePGovexQzI_psVSSb0sdvunIx4RMbJPF06WkMLc890G-HuC0vKq5N0Ass360I7g1gOy0sATcp4oW9gfA0ipWrRjzb8fXI80b&uniplatform=NZKPT,"一本书、一杯茶、一个靠垫、一个慵懒的下午，温暖的阳光穿过落地窗洒进室内，空气里飘来木质调的香气，稳重而沉着，令人心情平静。融合了森林鸟鸣溪流水声的轻自然音乐飘进耳朵里，让人恍惚间与大自然融为一体，尽情享受片刻的安宁与惬意。这里是隐藏在首尔森林的一个叫“绿色实验室”的茶馆，在这里顾客们不能说话、不能穿鞋子、手机保持静音不能打扰别人，因为他们来这里的目的只有一个——花钱来“放空”。每个走进绿色实验室的客人都希望能暂时卸下所有的烦恼，完全放空自己，生出满心欢喜。
“放空”生意很火
韩语“放空”中文直译为“打懵”。该茶馆在疫情之前开业，那时候顾客们还不太适应完全无所事事的放空。随着韩国疫情进入“与新冠病毒共存”的第二年，人们越发觉得迷茫和孤独，试图从压抑的日常生活中逃离，寻找除了家以外可以自己独处的空间，静下心来整理心情和思考未来。自从被韩国媒体报道了以后，像绿色实验室这种以“看着森林放空”而出名的茶馆就越来越受欢迎。茶馆只有10个座位，每天提供3个可预约的时间段，最长可预约6个小时，没有预约直接上门的顾客基本都失望而归。
茶馆共三层楼，一楼是花店，二楼是放空室，三楼是顶层花园。顾客先到一楼的花店签到，点一杯南瓜茶或者玫瑰茶。茶室为顾客每人提供一个花篮，里面放着一束鲜花、一本书、一个留言小册子、信纸、笔和鞋袋。顾客带着花篮和饮料直接上二楼。二楼没有工作人员，顾客对着落地窗随意而坐，倚在靠垫上向前看，望向窗外的首尔森林放空就是了。即使是跟同伴前来也需分开坐，顾客之间保持一定距离。放空期间大家安静地阅读、冥想、写作，有人甚至在冬日阳光里睡着了。
来这里的大部分都是年轻人，都比较自觉地互不打扰。结束放空以后可以在留言册子上写下自己的感言。有的顾客这样写道：“终于在这里找到了可以让自己喘一口气的空间”“我在这里整个身心都感到放松，脑子里乱七八糟的想法也没了，思绪也更清晰了。” 在这里，90分钟的放空费用共1.9万韩元（约人民币97元）。
各种“放空”应运而生
在韩国，很难找到这样完全可以无所事事又没有人管的空间。众所周知，韩国社会压力大，竞争激烈，时间就是金钱，再加上这两年疫情造成的恐慌，民众情绪更加低落，很多人有精神健康问题。疫情导致学校关闭和居家办公，很多年轻人因为缺乏社交而感觉郁闷和压抑。此外，韩国这两年失业率上升，很多年轻人找不到工作，负担不起高额的房租，需要搬回家跟父母住，没有个人空间，低落情绪持续蔓延。在这样的背景下，人们希望找一个安静的地方暂时逃离现实，忘记烦恼，什么都不去想，什么都不去做，就像按下暂停键，给自己一个喘口气的机会。
“放空”越来越受欢迎，提供放空服务的地方越来越多。据报道，济州岛有一家咖啡店，专门提供放空的空间让顾客给自己写信；釜山的一家咖啡馆内，设置了一个大屏幕，重复播放篝火影像，帮顾客放空，名曰“火懵”；江华岛海边的一家咖啡店，设有专供放空的区域让顾客看着海发呆，故称“水懵”。
“发呆大赛”减压
疫情以前，韩国行为艺术家Woops Yang 在2014年发起了首届“发呆大赛”，作为对快节奏生活和高压力社会的反击。比赛全程两个小时，参赛者不能睡觉、不能玩手机、不能听音乐，不能笑，只能“专注地”发呆，看谁可以放空最久，脉搏心率最稳定。这样奇葩的赛事意外地受欢迎。发呆大赛受疫情影响曾以线上方式举办，去年5月份主办方决定恢复线下举办，把比赛地点定在济州岛的一处森林。28名参赛者在枝繁叶茂的森林里发呆，一名来自济州岛的面无表情的发型师最终赢得比赛。
不仅如此，去年11月，韩国电影院上映了名为《飞行》的影片。在长达40分钟的影片里没有剧情，没有对话，只有一个镜头：一架飞机在云端穿梭。目的就是让观众可以“在软绵绵的云端上休息一下”。
不管是在茶馆看森林放空也好，在咖啡馆看火放空，看水放空，还是在电影院看云放空，都是面对年轻的消费者。去年，政府在首尔大公园里开设了山林浴场，让年纪大的市民也有了放空的空间。人们漫步林间，呼吸新鲜空气，在自然美景中放松身心。
山林浴场给因疫情而疲惫的市民提供了休息和治愈的空间，而且是免费的，这吸引了不少年纪大的市民前往。目前，韩国疫情十分严峻，3月份连续几天每天确诊病例超过30万，面对前所未有的病毒威胁，人们往往很难保持平静。专家认为，在疫情显著缓解之前，这种有益身心的放空将持续下去。
",年轻人;
290,抗原自测要注意什么,樊巍;张卉;,008,2022-03-15,0,https://kns.cnki.net/kcms2/article/abstract?v=DNPf6DgFiJsn3qfrn79iHmztKIzR_LkDXoDnw8IGBBhmxmZWjnqsmIDWoqJLdomt0wGHuj_4vE4HvUy7CI3yx6frL6NlATgI1BkX-n0SEiu9ub-uPWkefDYEa-Brsrjs&uniplatform=NZKPT,"为进一步优化新冠肺炎病毒检测策略，服务疫情防控需要，近日国务院应对新冠肺炎疫情联防联控机制下发通知，决定在核酸检测基础上，增加抗原检测作为补充。《新冠肺炎病毒抗原检测应用方案（试行）》中指出，抗原检测适用人群包括到基层医疗卫生机构就诊，伴有呼吸道、发热等症状且出现症状5天以内的人员，隔离观察人员以及有抗原自我检测需求的社区居民。
多名公共卫生领域的专家14日在接受《环球时报》记者采访时表示，新冠肺炎病毒抗原检测作为核酸检测的补充手段，降低了新冠病毒检测的门槛，在当下有利于提升疫情防控能力。
目前多家电商平台已开始销售新冠肺炎病毒抗原自测试剂盒。它们主要采用胶体金法、乳胶法、荧光免疫层析法和磁微粒化学发光法等，采样方式包括口咽拭子和鼻咽拭子两种。华大基因的一款抗原自测试剂盒商品页面显示，该产品可选择口咽拭子和鼻咽拭子两种方式进行检测，但更推荐后者。热景生物的自测试剂盒则只支持鼻咽拭子检测。
国家重大公共卫生事件医学中心、华中科技大学同济医院感染科主任宁琴告诉《环球时报》记者，奥密克戎在短期内传播涉及面广，按照流行病学防控要求，要求快速识别传染源，需要更加简便、易行并且容易推广的检测技术，以适应当下这种毒株的流行特征，从而应对更多的人群开展大规模快速检测。“奥密克戎毒株感染的人群中无症状感染者的比例相对较高，基于这种流行特征，也需要通过更加简单易行的方法进行迅速排查，这将有利于对感染源的控制。”
一旦使用抗原检测试剂开展自我检测，结果呈阳性又该如何处理呢？国家卫生健康委临床检验中心副主任李金明表示，居民自行进行抗原检测，检测出阳性的，不论是否有呼吸道、发热等症状，居民应当立即向所在社区（村镇）报告，由社区（村镇）联系急救中心按照新冠肺炎疫情相关人员转运工作指南，将居民转运至设置发热门诊的医疗机构，进行核酸检测。
香港大学生物医学学院教授、病毒学专家金冬雁在接受《环球时报》采访时表示，香港开展的抗原检测操作方法有两种，一种是由社区人员监督居民现场进行检测，结果直接上报，第二种是居民向社区发送自己进行自测的完整视频，从而确保检测的真实性。
金冬雁提议，内地可以依托健康宝等平台，居民在自测之后将结果上传至健康宝，与核酸检测以及疫苗接种记录一起作为参加活动或工作的凭证。如果检测结果呈阳性，政府需要进一步开展核酸检测进行复检，并根据情况采取措施。金冬雁称，“对于报告真实性，政府要有一定比例的抽查。通过打电话或上门查看，确认阳性报告者是否出门。在上传检测结果时需要提交声明，声明自己的结果没有造假。造假者需要承担法律责任。对于抗原检测试剂，政府要严格准入制度，把控其质量。”
宁琴表示，相关部门未来可以开展科普培训，让民众对抗原检测试剂有一定了解。“自主开展抗原检测需要进行简单的培训，政府可以制作抗原检测操作科普视频，普及抗原检测的注意事项，方便民众反复学习，从而避免环境污染检测试剂，提高检测精度”。
",鼻咽拭子; 核酸检测; 自我检测; 疫情防控; 试剂盒; 《环球时报》;
291,香港反思疫情死亡率为何高,叶蓝;,010,2022-03-15,5,https://kns.cnki.net/kcms2/article/abstract?v=DNPf6DgFiJsn3qfrn79iHmztKIzR_LkDXoDnw8IGBBhmxmZWjnqsmIDWoqJLdomtkmV9HUuTAgm9KgPl3P08y63viuQtJ85l366J5m9nylCx22p38wmsP5vS4vLhmboX&uniplatform=NZKPT,"香港第五波疫情暴发以来，一些数字背后隐藏的问题值得社会反思，死亡率高就是其中一大关注点。
卫生署卫生防护中心传染病处主任张竹君和医院管理局总行政经理刘家献14日公布，当天香港新增12040例核酸检测阳性确诊病例，外加14868例快测呈报病例，共26908例确诊。当天再增加286人感染新冠肺炎死亡，年龄介于11个月至112岁。
根据香港特区政府统计，3月9日香港有195名新冠病毒感染患者死亡。按此数字计算，单日每百万人口中有约38.5例死亡病例，为全球最高。美国和英国在去年1月高峰时期单日每百万人口中分别有13.3人和26.7人死亡，香港的死亡率远高于美英。截至3月10日，香港患新冠肺炎死亡人数占整体人口的0.49%，在亚洲地区远高于新加坡、韩国，与日本差不多。有评论认为，这样的数据不仅与香港经济、社会及医疗服务发展水平不相称，也与香港曾经有过成功抗击“非典”和禽流感等大型传染病的经验不相称。
14日有分析称，香港人均居住面积狭小，疫情迅速扩散而隔离设施、医疗设施又远远不足，这是本轮疫情急剧恶化的原因之一。另一大重要原因是香港是一个老龄化社会。第五波疫情在养老院中广泛传播，香港老年人的疫苗接种率相当低。统计显示，香港感染死亡的病例中，九成没有接种疫苗，或者只打了一针；已接种两针的患者死亡率是0.06%，没打针的死亡率是1.64%，两者相差27倍；80岁或以上老年人中，完成两针疫苗接种的患者的死亡率为2.27%，相比之下，同一年龄组未完成接种的死亡率为10.87%。国家重大公共卫生事件医学中心、华中科技大学同济医院感染科主任宁琴表示，国内一项针对奥密克戎感染病例的研究证实，未接种两针疫苗者感染新冠肺炎后的死亡率，是接种两针及以上疫苗者的5倍。
香港呼吸系统科专科医生梁子超表示，相比其他地区老年人新冠疫苗接种率达90%，香港养老院及老年人的接种率极低。港大医学院微生物学系临床助理教授薛达称，香港的居住环境挤迫，要将养老院与社区隔离是不可能，易受感染的老年人也集中在密闭室内空间。疫苗可预防疾病科学委员会主席刘宇隆建议，老年人应该尽快接种三针新冠疫苗，接种第二针后相隔两个月就要再接种第三针，否则可能会再有数千人死亡。新冠疫苗专家委员会召集人刘泽星说，他所工作的玛丽医院，每天入院新症患者都有七成是70岁以上老年人。
为了降低死亡率，港大研究团队向特首林郑月娥提出四项措施，包括为病人开处方新冠口服药、大幅增加治疗病人的病床、加快为巿民接种疫苗及收紧社交距离措施。林郑月娥在14日的记者会上称，正在推动港大提出的头三项措施，但目前没有打算收紧社交距离措施。
据香港头条日报网14日报道，特区政府采购默沙东及辉瑞药厂的新冠口服药供合适的病人使用，医管局已在养老院提供了1600剂口服药物疗程。港府专家顾问、中文大学呼吸系统科讲座教授许树昌表示，高危群组广泛使用口服药对降低死亡率有帮助，但同时也要尽快提高疫苗接种率。政府新冠疫苗临床事件评估专家委员会共同召集人、港大医学院内科学系临床教授孔繁毅提到，玛丽医院已为300多个病人提供默沙东药厂的新冠口服药，八成在服药后病情稳定，没有恶化。
另据香港星岛日报网14日报道，中央派出内地医疗团队到港协助，首批75人当天抵港，另外300人会在本周稍后时间到香港。公共医疗医生协会会长凌霄志表示，内地医护最快15日起到亚博馆小区治疗设施上班，过半数病床会由内地医护管理，本地医生提供协助和监督。
“反思第五波高死亡率”，香港《星岛日报》14日刊登的一篇分析称，相比许多国家和地区，香港自去年初开始就已经有足够疫苗，“从来都是针等人，未出现过不够疫苗的情况”，并且有灭活和mRNA两款疫苗供市民自由选择。疫苗接种率低，主要是社会因素造成的。香港社会一直存在令人对疫苗安全产生不信任感的各种谣言，一些人将接种疫苗政治化，“以拒绝接种，甚至将阻止家人接种疫苗，作为对政府不信任的表达方式”。有人讲述了这样一个例子：一名男士的母亲日前因感染去世，他们全家都没有接种疫苗，原因是他认为“2019年之后，对抗政府的唯一路径就是公民不合作”。文章说，防疫抗疫事关生命安全和身体健康，“将防疫政治化，换来的是可悲的后果”。香港第五波疫情的死亡率高，社会需要从中反省，“不可让政治化妨害防疫抗疫”。
",老年人; 疫苗接种; 死亡率;
292,世界超大雪迷宫5000多平方米,高山;,009,2022-03-14,24,https://kns.cnki.net/kcms2/article/abstract?v=DNPf6DgFiJsn3qfrn79iHmztKIzR_LkDXoDnw8IGBBhmxmZWjnqsmIDWoqJLdomtPUtlQFrOsSbrHAwVXOTLDMZd4IW09xF9_p4uBIP2AMwpKd7QeR-T2X3bkwTRSu0x&uniplatform=NZKPT,"加拿大人是举世公认的迷宫爱好者，迷宫游戏在加拿大主要吸引“亲子活动群体”，通常都是全家人陪着孩子玩，顺便购物、就餐甚至野营，由此带动的消费是很可观的。秋季玩“玉米迷宫”，冬季则玩“雪迷宫”。加拿大冬季漫长且降雪多，“雪迷宫”越建越大，甚至刷新了吉尼斯世界纪录。
从“玉米迷宫”到“雪迷宫”
在短暂而阳光灿烂的夏季结束、田野间玉米收获完毕后，许多加拿大农场主会习惯性地用玉米秸秆之类农田遗留物，精心设计建造一座四四方方的“玉米迷宫”，来取悦路过此地的孩子们，顺便帮自家农场里的收成“带带货”，
由于“迷宫策略”屡试不爽，收益颇丰，加拿大许多地方都出现了季节性专做迷宫生意的经营者，不少人嫌在农地腾挪不开，索性将“玉米迷宫”搬到了地势开阔的省立公园里。
既然是公园，就不必受农闲、农忙限制，可以随时经营迷宫。但“玉米迷宫”终究有季节限制，加拿大绝大部分地区冬季漫长，白雪皑皑的冬天无论如何搞不了“玉米迷宫”，渴望全年都可以经营迷宫的公园管理者和迷宫经营者就别出心裁，在冬季搞起了“雪迷宫”。
所谓“雪迷宫”，顾名思义就是全部由雪堆砌而成的迷宫，这种迷宫只有在加拿大这样冬季漫长且国土辽阔的国家才有条件建造，因此不但本地人趋之若鹜，还吸引了越来越多好奇的外国游客。正因如此，近年来经营“雪迷宫”的加拿大省立公园越来越多，以至于吉尼斯世界纪录大全专门为“雪迷宫”设立了一项世界纪录，2015年，这项世界纪录由安大略省雷湾一座公园内，面积逾1000平方米的“雪迷宫”创造。
吉尼斯纪录不断刷新
2019年，曼尼托巴省圣阿道夫鸭山省立公园内常年季节性经营“玉米迷宫”的马斯夫妇决定挑战“雪迷宫”，在得到公园管理方支持后，他们动用了近4000吨人造雪，花费300辆次半挂车将这些雪运到公园，用两周时间建造了面积达2789.114平方米的“雪迷宫”，超出原吉尼斯世界纪录面积一倍还多，不但广受游客欢迎，还在当年3月4日正式获得吉尼斯方面的承认，成为新的世界纪录保持者。
2021年，“鸭山”的雪地上赫然出现一座规模更大的“雪迷宫”：用人造雪搭成的内墙高达4英尺，整个迷宫尺寸则为240英尺×240英尺，即约73米×73米，面积约5329平方米，较2019年创纪录的那座“雪迷宫”大了约91%。这个刷新吉尼斯世界纪录的“雪迷宫”，仍然是马斯夫妇的杰作。
疫情催生超大“雪迷宫”
据马斯夫妇和鸭山省立公园经理波多文尼克诺夫介绍，他们把迷宫造那么大，初衷居然不是“冲纪录”，而是为了应对新冠肺炎疫情。原来，2020年疫情的暴发导致当年的“雪迷宫”活动草草收场，随后疫情的蔓延和不断反复，让当地人酷爱的许多户外活动一度完全无法进行，后虽有所恢复，也因“安全社交距离”的限制难以尽兴。如何让被疫情应对“憋坏了”的加拿大人既能过足户外活动瘾，又不必为遵守疫情限制规则而头疼，就成了马斯夫妇和公园方绞尽脑汁思考的问题。
很显然，最根本的方法，就是控制迷宫单位面积的游客数量——但这样又会亏本，那么就只好放大迷宫面积，同时拓宽迷宫内道路的宽度，使每个进入迷宫的游客都能确保“安全社交距离”。
于是迷宫内部道路不断变宽，最后达到8英尺，还放置了许多自助式洗手液，这样一来迷宫的占地面积自然也“层层加码”，最后成了我们看到的这个庞然大物。
为了不让游客觉得单调，他们在迷宫内设立了小木屋，里面有卖棉花糖的小贩和休闲桌椅（当然，同样布置得符合“安全社交距离”要求），还特意为孩子们准备了彩色冰块，让他们过一把搭建梦幻般的“迷你七彩童话冰城堡”的瘾。当然，更大的占地面积，也方便设计更复杂的迷宫，让“迷宫迷”觉得过瘾。
这些措施是如此吸引人且别具一格，难怪疫情如此严峻，天气如此寒冷，每天也能吸引到50-60名游客来玩，来自邻省萨斯喀彻温省萨斯喀彻温市的亨利女士和她的两个女儿就大老远跑来，在“雪迷宫”里“疯”了好几个小时。
当然，迷宫更大意味着更容易迷路，把人冻坏了就不好了，因此每隔10分钟路程就设立一个“反悔门”，游客可以从“反悔门”直接出迷宫去休息。
为了造出这样一座超级“雪迷宫”，马斯夫妇和特意赶来帮忙的志愿者们忙了足足六周。“吃瓜群众”表示，公园方面出于防疫考虑不断提出新的要求，导致图纸一再修改，占地面积不断扩大，此外，建造过程中一度遭遇“暖冬”，这些因素都让建造周期变得格外漫长，建造难度也空前大。
“雪迷宫”难造，防疫很重要：“雪迷宫”有严格的流量限制，超过人数就只能排队等着。进迷宫必须强制戴口罩，家庭与家庭之间必须严格保持6英尺以上的距离。
进“雪迷宫”可是要买门票的，而且还不便宜：成人每张15加元，4-12岁儿童13加元，4岁以下免费。
波多文尼克诺夫觉得新的“雪迷宫”虽然花了很大力气才建成，但让这座以往不算热门的省立公园“四季有趣活动变得更均匀”，付出一切代价都是值得的。虽然建造规模创纪录的巨大“雪迷宫”很大程度上是被疫情逼的，但展望未来，他和马斯夫妇已有意维持这个无心插柳的“更高更大”趋势：更高的雪墙、更复杂的图纸、更大的面积，有助于吸引更多的游客，并擦亮“鸭山”的旅游金字招牌，“正能量”或许不只体现在冬季。
",加拿大; 世界纪录; 社交距离;
293,回还是不回？中国留学生疑虑重重,米娅·卡斯塔尼奥内;崔晓冬;,006,2022-03-14,63,https://kns.cnki.net/kcms2/article/abstract?v=DNPf6DgFiJsn3qfrn79iHmztKIzR_LkDXoDnw8IGBBhmxmZWjnqsmIDWoqJLdomtoNG4M4PpK9xPo0KyYA8J_NV5MwPZUjRSxGPZgcYpT2pI3OVGlK_w3rXiZPF1vE3E&uniplatform=NZKPT,"《韩国时报》3月13日文章，原题：就在部分中国学生在面对面课堂和经济补助吸引下返回澳大利亚之际，一些学生仍疑虑重重 艾丝琳·李上月第一次前往澳大利亚，开始在皇家墨尔本理工大学攻读准学士学位。来自李家乡厦门的航班坐满旅客。这是个小信号，表明一些中国居民在疫情下久别后正迫切地重返澳大利亚。此前在美国攻读本科最后一年不得不在家远程学习的李说：“上网课让我感觉昏昏欲睡，因此若能（继续深造），我想去能面对面上课的地方。”
澳内政部数据显示，从去年12月中旬起，国际学生开始缓慢返澳，人数已增加7.5万。但近1/3国际学生（接近12万）仍未回归。其中中国学生是最大群体，约7.7万。不过，澳国内的中国留学生总人数也已增加，已从去年12月中旬的4万增至上月底的5.5万。
并非所有中国学生都迫切返澳。例如，斯凯·程（音）已在中国上了两年网课，父母仍未打算让她返回悉尼上学。2019年开始她在澳读本科，当疫情袭来时，她做出返回广州的艰难决定。澳去年12月底对留学生重新开放边界时，她和数万名中国学生对是否返澳仍持观望态度，担心疫情再次恶化。
墨尔本大学目前有近2.1万国际学生，其中多数来自中国。该校正为即将入校的学生提供包括一次性4000澳元助学金在内的过渡性补助。该校教授威斯利说：“这旨在降低学生的国际旅行费用，并帮助学生安顿下来。”悉尼大学研究生本尼·沈（音）疫情期间待在悉尼。他说过去两年过得很艰难，要应对各种不确定性和无法回国的可能性，而这仍是许多中国学生仍然面临的现实。
米切尔研究所的研究员彼得·赫尔利说，目前在澳国际学生仍比疫情前少30万。迄今，各国的学生都在返澳，印度和尼泊尔学生动作最快，“他们比中国学生群体更有可能进入澳劳动力市场。（澳）联邦政府正利用签证退费、临时取消对国际学生的工作限制等措施鼓励他们返澳。”多年来，澳大利亚的生活方式曾是吸引国际学生的一大卖点，从而催生出庞大的国际教育产业。但赫尔利表示，该产业的规模去年几乎被腰斩，急剧下降至225亿澳元。
",中国留学生; 国际学生;
294,中国多地迎战严峻疫情,辛斌;郭媛丹;刘彩玉;魏辉;,016,2022-03-14,50,https://kns.cnki.net/kcms2/article/abstract?v=DNPf6DgFiJsn3qfrn79iHmztKIzR_LkDXoDnw8IGBBhmxmZWjnqsmIDWoqJLdomtJMn8dUAmr8IbFc0BwEOknM9-kijKzexc0MXYSlYw7-70bGFWjt7CZfi60IlzbqfK&uniplatform=NZKPT,"中国再次面临新冠病毒感染人数迅速攀升的复杂疫情形势。国家卫生健康委13日通报的数据显示，此前一天，31个省（自治区、直辖市）和新疆生产建设兵团报告新增本土确诊病例1807例，无症状感染者1315例。其中，吉林省新增本土确诊病例1412例，本土无症状感染者744例。传播速度快、传染性强的奥密克戎变异株正给中国带来新的严峻挑战，多个地区则通过扩大检测、收紧防控等措施紧急迎战新一轮疫情。面对新的形势以及中国增加抗原检测等新做法，一些外媒又开始猜测：中国的“动态清零”方针会不会调整？对此，接受《环球时报》记者采访的专家表示，我们的防疫策略不断调整、与时俱进，但目前“动态清零”仍是最好的选择。
多地采取严格防控措施
路透社13日称，中国周日报告新增本土确诊病例1807例，比前一天报告的数字增加两倍多，这也是两年来的最高水平。中国国家卫生健康委13日发布的数据显示，12日全国新增本土确诊病例比前一天的476例大幅增加。新增的1807例确诊病例中，114例之前为无症状感染者。
吉林省当前疫情形势尤为严峻。3月12日0-24时，吉林省长春市新增831例本土确诊病例，新增本土无症状感染者42例；吉林省吉林市新增571例本土确诊病例和697例本土无症状感染者。当天，山东新增175例本土确诊病例和172例本土无症状感染者，广东新增62例本土确诊病例以及194例本土无症状感染者，陕西、河北、江苏、天津、浙江、北京、上海等多个省市均报告有确诊病例。
法新社13日称，中国全国范围内病例激增，大概19个省份在迎战奥密克戎和德尔塔变异株，上海中小学停止线下教学，东北几个城市“封城”。香港《南华早报》称，在东部沿海地区，金融中心上海和山东省港口城市青岛也在抗击严峻疫情。两个城市都要求居民非必要不离开，所有离开本市人员须持有48小时内核酸检测阴性证明。
为配合疫情防控工作，上海客运站自14日起全部暂停营运。深圳市13日发布通告表示，14日至20日，全市公交、地铁停运，全市社区小区、城中村、产业园区实行封闭式管理，机关事业单位居家办公，全市范围内开展三轮全员核酸检测。
对于感染者数量出现较大幅度上升，吉林省卫生健康委副主任张艳13日介绍，一方面反映出奥密克戎传播隐匿、传染性强、传播速度快，早期难以发现，易形成社区传播。另一方面，反映出个别地区面对疫情快速上升的形势，医疗资源扩容能力不足，导致短时间内集中收治受限。
无症状感染者增多给疫情防控带来巨大困难。英国《卫报》称，中国一直坚持严格的“动态清零”方针，在出现聚集性疫情时迅速进行封控、出行限制和大规模检测。但是，由高传染性的奥密克戎变异株和无症状病例激增导致的最新疫情暴发，令这种方式遭到挑战。《纽约时报》称，中国12日报告的感染者中，2/3是无症状感染者，可能是因为中国的疫苗接种率已经接近90%。中国官员表示，无症状感染者也有传染性，但很难发现。
“动态清零”不放松
从北京的最新通报中也可以看出眼下疫情防控的复杂形势。13日下午，在北京市新冠肺炎疫情防控工作新闻发布会上，北京市委宣传部副部长徐和建介绍，3月12日16时至13日15时，北京新增本土新冠病毒感染者8例，其中确诊病例6例、无症状感染者2例。自3月7日以来，北京疫情呈现点多面广特点，出现6条传播链条。北京市朝阳区疾控中心13日晚发布通报，截至当日22时，朝阳区新增3名核酸检测阳性。
困难面前，中国防控疫情的决心没有动摇。不少外媒关注到国务院副总理孙春兰12日在国务院联防联控机制电视电话会议上的讲话。她强调，坚持“外防输入、内防反弹”总策略、“动态清零”总方针不动摇、不放松，采取果断措施，尽快控制局部聚集性疫情，巩固疫情防控成果。孙春兰13日在吉林调研时强调，采取最彻底的防控措施，尽快遏制疫情扩散势头。
一位免疫学专家对《环球时报》记者表示，当前疫情正处在关键期，单日新增上千例本土确诊病例，这其实隐藏着一个信号：可能再度出现大规模暴发现象。因此此刻一定要采取严格措施，在最短时间内实现社会面清零。只有这样的基础才能探讨是否采取灵活措施，是否采取开放措施。
“动态清零”的同时，中国一些与时俱进的调整也被外媒注意到。法国国际广播电台13日称，面对两年来最严重的疫情，中国多地不得不再次下达“封锁令”，但这一次更加温和，也更有针对性。与此同时，中国卫生部门周五宣布，将引入快速抗原检测，人们可以在网上或药店购买，供诊所和普通市民进行自我测试。
英国广播公司网站称，抗原检测在新加坡和香港等日增确诊逾万的地区，已成为居民家庭自测新冠病毒感染的主要手段。防疫专家陶黎纳13日对《环球时报》记者表示，抗原检测的意义是在公共卫生体系之外，给个人一个发现自己是否感染的机会，尽快做出隔离处置，防止传染到更多人。虽然抗原检测不是灵敏度高的检测方法，但操作起来很简单，个人在家里就可以做。
香港《明报》称，国家传染病医学中心主任、上海新冠肺炎临床救治专家组组长张文宏日前表示，“抗原检测的策略对于未来我国进一步大规模向国际开放具有重要意义，当我们面临大量输入性病例的时候，抗原检测有助于我们迅速把病毒控制在非常低的传播水平，在更快的时间内实现社会面的清零”。
中国没有错过时间窗口
报道中国疫情的同时，一些外媒也对比了国外的情况。《纽约时报》12日称，两年多前，武汉市暴发新冠肺炎疫情，造成严重的生命损失。此后，中国在疫情防控方面比任何其他大国都要成功。在奥密克戎变异株的影响下，中国过去几天病例激增，但仍远低于美国日增病例数（约3.5万例），而美国人口还不到中国人口的1/4。英国《金融时报》称，在几乎所有的国际比较中，中国的病例数量都很低。有500万人口的新西兰周五报告了2万多例新增病例，有5200万人口的韩国，当天新增确诊病例28万例。
北京大学第一医院呼吸和危重症医学科主任王广发13日对《环球时报》记者表示，现在的疫情规模和我们过去比是高的，和其他国家比还是很低的。我们还有时间去把疫情扑灭，有些地方比较严重，要根据情况采取不同的对策。我们没有像有些国家一样一天报道出来几万病例，实际上他们错过了时间窗口，我们国家仍然在这样一个时间窗口内。另外，我们的医疗资源相对有限，目前只有“动态清零”方针最符合我们的实际。
《纽约时报》称，常被批评2020年宣布新冠肺炎大流行时行动太慢的世界卫生组织现在表示，许多国家过早宣布疫情结束，放松了警惕。上周全球报告确诊病例超过1000万例，但几乎可以肯定，这一数字被低估了，因为检测率大幅下降。世卫组织总干事表示：“疫情远未结束，在所有地方结束之前，任何地方都不会结束。”
",确诊病例; 无症状; 感染者; 防控措施; 疫情防控;
295,新冠疫苗和疗法专利 中国双双远超美国,陈晓航;,006,2022-03-12,244,https://kns.cnki.net/kcms2/article/abstract?v=DNPf6DgFiJsn3qfrn79iHmztKIzR_LkDXoDnw8IGBBhmxmZWjnqsmIDWoqJLdomtsSoWEUAt-Z4UUBhO11h7NJ_iUOdN55owiB3Jzt22FkrEE8rCMB_SKh7y4XzRm6_o&uniplatform=NZKPT,"西班牙《日报》3月10日援引埃菲社报道，原题：中国成为申请最多新冠疫苗和疗法专利国家，美国跟随其后 世界知识产权组织的报告（《专利态势报告：COVID-19相关疫苗和疗法》——译者注）显示，在新冠肺炎疫情期间，中国提交了与之相关的276件疫苗专利申请和887件疗法专利申请，这一数字远高于与其最接近的后几名。
相关研究试图分析应对疫情期间科技创新领域的趋势，结果显示，继中国之后，美国（72件）、俄罗斯（21件）和英国（9件）也提交了较多新冠肺炎疫苗的专利申请。在疗法研究领域，中国同样位居榜首，美国（292件）位居第二，之后是印度（60件）、韩国（35 件）、俄罗斯（26 件）和英国（22件）。
在新冠肺炎疫情大流行的前20个月，共计5300件与疫情相关的专利申请向全球49个国家和地区的专利局提出，其中近1500件是疗法申请，400多件是疫苗申请（许多仍在临床试验中）。
世界知识产权组织总干事邓鸿森在介绍调查结果时表示：“这一流行疫病引发全球科学界空前动员。”与新冠病毒相关的专利申请，在2020年3月最密集——当时世卫组织宣布新冠肺炎疫情已构成全球大流行。
",疗法; 疫苗; 菌苗; 专利;
296,国内疫情多点散发引关注,郭媛丹;,003,2022-03-11,1,https://kns.cnki.net/kcms2/article/abstract?v=DNPf6DgFiJsn3qfrn79iHmztKIzR_LkDXoDnw8IGBBhmxmZWjnqsmIDWoqJLdomtl79vgl2XgYvvoSuyHMANc9SQEp27iUXSOC7RFyPCn2FeUFJIJA4DFZ_Azo7zqNlU&uniplatform=NZKPT,"国内多地新冠肺炎确诊病例激增引发关注。据国家卫健委通报，9日全国共报告新增本土病例402例（前一天为233例），本土新增无症状感染者435例（前一天为322例）。路透社称，中国单日新增的无症状感染者数字创下近两年新高。专家表示，此轮疫情在全国范围内多点散发与奥密克戎变异株的特点有关。
9日全国新增的402例本土病例中，165 例在吉林省。路透社称，这是中国于 2020 年初遏制首次全国性疫情以来，吉林省的单日新增最高病例数。报道称，按照全球标准，中国的病例数仍然很少。“该国坚持‘动态清零’政策，地方当局快速识别和隔离每一个感染者及其密切接触者，并实施不同程度的遏制措施以减少传播。”美联社称，地方政府采取的措施显示，中国正在以更有选择性的方法对抗新的疫情高峰。
目前，共有20省（自治区、直辖市）发现本土确诊病例和无症状感染者，出现多点散发趋势。此轮疫情中有一个新特点，即从6日以来连续4天本土无症状感染者多于确诊病例。
国家药品监督管理局疫苗及生物制品质量监测与评价重点实验室主任、中山大学公共卫生学院教授陆家海认为，此轮疫情情况复杂，存在隐性传播，呈点性散发。因为奥密克戎毒株潜伏期更长，无症状感染者偏多，感染后以轻症为主，导致疫情隐匿一段时间后才暴发。一位要求匿名的免疫学专家对《环球时报》记者说，目前我国新增感染者较多且分布地区广，源头较多，增加了进一步感染的可能性。
中国疫苗行业协会会长封多佳对《环球时报》表示，目前我国新冠肺炎疫苗全程接种率已超87%，从感染者多无症状或症状较轻看，疫苗是发挥了重要作用的，初步的免疫屏障应该已经建立。但从全球看，病毒的变异速度比免疫屏障建设速度要快。当前防疫有三条防线，第一条是物理阻隔，包括限行、隔离和戴口罩；第二条防线是疫苗；第三条防线是医疗救治。三条线各有优势，也各有短板，相互不能替代，只能协同发挥作用。
",感染者; 免疫屏障; 确诊病例; 无症状;
297,梁万年：香港遏制住疫情上升势头,杨伟民;,010,2022-03-11,0,https://kns.cnki.net/kcms2/article/abstract?v=DNPf6DgFiJsn3qfrn79iHmztKIzR_LkDXoDnw8IGBBhmxmZWjnqsmIDWoqJLdomtgA2ETZ4A49FBnWSE1oYz_ExS-FbaIYLWo8vNCEek8VQCytMFw-QL6MChEBsb_-51&uniplatform=NZKPT,"据香港星岛日报网10日报道，国家卫健委新冠肺炎疫情应对处置工作领导小组专家组组长梁万年与专家组成员9日继续在港视察行程。他在接受采访时称，综合参考过去数日香港的新增确诊及死亡数字，每天核酸检测数字、污水检测阳性率以及港大的市民感染研究推算等，初步判断香港疫情似乎正在进入或逼近高峰平台期，“这是比较好的消息”，但平台期维持多久则要视防控措施成效。他表示不排除疫情有一些波动甚至震荡，“但快速、指数式上升的势头，已经得到明显遏制”。
针对核酸检测问题，梁万年强调，检测是手段，不是目的。无论哪种类型的检测，最重要的目的就是尽快发现传染源和追踪密切接触者。至于核酸检测时机，他说，根据内地经验，全民核酸检测的时机要么非常早，要么在疫情后期，而香港目前并非处于第五波疫情早期。时机问题要考虑的因素包括检测核心目的、条件和能力以及对控制疫情的效果等，相信特区政府有智慧和能力做好这项工作。
9日，特首林郑月娥公布了多项加强疫情防控决策，梁万年表示非常赞赏。他说，特区政府已经分流、分层诊疗系统，加强救治重症、危重症，将综合性、高水平医院变成定点医院，极大提升救治水平和降低病死率，对稳定社会大局、解除老百姓恐慌，增加抗疫工作者信心有重要作用，在当前疫情高峰阶段起到压舱石作用。他强调，有关决策是特区政府、香港专家、社会各界建言献策，专家组只是参与其中，更多是从内地经验和做法提出意见建议。
香港卫生署卫生防护中心传染病处首席医生欧家荣10日公布，香港当天新增24390例经核酸检测确诊的病例，“快测呈报平台”9日共收到7012例呈报。他说，第五波疫情暴发至今，香港累计有超过60万例确诊病例，其中仅过去14天（2月24日至3月9日）就累计报告近46万例。
",核酸检测;
298,香港首度发出“紧急警示”,叶蓝;,010,2022-03-10,0,https://kns.cnki.net/kcms2/article/abstract?v=DNPf6DgFiJsn3qfrn79iHmztKIzR_LkDXoDnw8IGBBhmxmZWjnqsmIDWoqJLdomtwvTZoMBURTNXmdUyCDRfahU7Wh6l1iy_kEpwtqVe4kOE029oUF9MqyuXiXkNGfQp&uniplatform=NZKPT,"9日上午，香港特别行政区行政长官林郑月娥召开记者会说明香港防疫。她说，现阶段已没有必要争拗“共存”还是“清零”，强调绝不会用“躺平”态度处理疫情。
林郑在记者会上称，除了星期二因为有行政会议外，即日起将每天带领相关局长举行记者会交代抗疫工作，并澄清坊间谣传。她说，第5波疫情暴发以来，香港阳性检测病例已达50万例，截至8日这波疫情死亡人数达2365人，大部分为老人。因此，香港将尽快设立更多老人隔离及暂托设施、老人及残疾人士院舍采取闭环管理，希望3月18日前完成所有院舍老人接种疫苗工作。
她为香港私立医院提出四大要求，包括尽量接收公立医院的非确诊病人，包括长期病患；照顾等候出院或入院的老人；为轻症的确诊病人提供诊治；提供热线支持正在隔离的人士。林郑宣布将伊利沙伯医院改为专收新冠肺炎患者的医院，9日起不再收治其他病人，同时尽快将公立医院一半普通病床改为接收新冠肺炎患者，约有9000张病床。至于中央援助方面，林郑表示将提请中央派医疗团队支持香港，提升设施处理重症的能力；争取落马洲河套医院下月可分阶段投入服务，并由内地医疗团队提供服务。
9日上午，政务司司长李家超到元朗新田村路视察接收第二个由中央援建的社区隔离设施。新田方舱医院总计720个隔离房间，可安排超过2800个隔离床位，将进一步提升香港对新冠肺炎患者的收治能力。据了解，中央援建香港的9个社区隔离设施中，青衣方舱医院已投入服务，新田方舱医院已完工交付，其余项目正持续推进中。
香港卫生署卫生防护中心传染病处首席医生欧家荣9日公布，香港当天新增25991例经核酸检测确诊的病例，此外“快测呈报平台”8日共收到32766例呈报，有关部门已发出隔离令。过去一天，香港再增加195名患者离世，年龄介于41岁至105岁，其中98人来自院舍，145人没有接种疫苗。
9日傍晚5时55分，商务及经济发展局首度发出中英文两个版本的紧急警示，指出医管局伊利沙伯医院今起成为定点医院，专门接收新冠肺炎病人，其急症室亦以接收新冠确诊病人及有生命危险的紧急病人为主，呼吁其他人士请勿前往。傍晚6时55分，港府再次通过“紧急警示”系统发出第二轮通知，内容一模一样。东方日报网9日称，商经局辖下的通讯局2020年耗资1.5亿港元设立紧急警示系统，以便在极端天气、严重公共安全和卫生事故等紧急情况下，向流动服务用户发出有迫切性的公告及信息。系统信息有两个警示级别，分别为“极度紧急警示”和“紧急警示”。此次也是特区政府首度发出“紧急警示”。
",方舱医院; 肺炎患者; 伊利沙伯医院; 接种疫苗; 医疗团队; 社区隔离; 公立医院;
299,奥密克戎考验多地疫情防控,赵觉珵;,008,2022-03-10,2,https://kns.cnki.net/kcms2/article/abstract?v=DNPf6DgFiJsn3qfrn79iHmztKIzR_LkDXoDnw8IGBBhmxmZWjnqsmIDWoqJLdomtIWdA3q7Awu3DF5zpzjw7N8tZCf0uf4euL43jK9W22-DNqIJjT3JzE_F7nDqLeTHo&uniplatform=NZKPT,"国内十几个省份（自治区、直辖市）目前在经历新冠肺炎疫情考验。据国家卫健委通报，8日全国共报告新增本土病例233例，本土无症状染者322例。
吉林省是8日报告新增本土新冠病毒感染者最多的省份，有本土病例94例、无症状感染者80例，集中在吉林市和长春市。吉林市9日下午召开疫情防控新闻发布会通报称，截至8日，该市本次疫情累计报告本土确诊病例161例和无症状感染者142例。基因测序结果显示，吉林市疫情病毒为奥密克戎变异毒株，具有症状相对较轻、隐匿性强、发现难、传播力强等特点，疫情处于快速上升期，已出现社区传播。8日，吉林市报告新增本土病例73例、本土无症状感染者65例。
吉林市同时透露，该市已经设立了3个方舱医院，其中具有264张床位的党校方舱医院已于9日投入使用。此外，昌邑区方舱医院和高新区方舱医院预计分别于11日和12日投入使用，可提供床位超900张。
前一日新增22例新冠病毒感染者的长春市9日也召开疫情防控新闻发布会，该市疾控中心主任张兴国介绍称，长春市目前已经出现个别学校的学生感染的情况，综合判断长春市的疫情整体仍处在上升阶段，预计短时间内病例数仍将增加。
青岛也是目前全国疫情形势较为严重的地区之一。据青岛9日通报，自本月4日该市莱西疫情发生以来，截至9日12时，莱西累计报告确诊病例233例、无症状感染者344例。目前，莱西已经完成第三轮全员核酸检测。
北京近日也出现本土疫情。本月8日16时至9日16时，北京新增本土确诊病例4例、无症状感染者1例。据官方介绍，北京对8日通报的感染者2的样本进行全基因组测序，结果显示，病毒属于奥密克戎变异毒株（BA.2进化分支），与北京市既往本土和输入性奥密克戎病例的同源性较低，与外省3月4日通报的奥密克戎病例高度同源。综合流行病学调查及基因测序结果，初步认为感染者2的感染来源为外省。
北京市政府新闻发言人徐和建9日表示，“动态清零”要成为常态化，防控措施要常抓不懈，从快开展流调溯源，发现病例后，第一时间锁定密接，并进行集中医学观察。
上海市8日新增本土确诊病例3例、本土无症状感染者62例。据上海卫健委主任邬惊雷介绍，该市9日新增报告4例新冠肺炎确诊病例和15例本土无症状感染者。
有公共卫生专家9日对《环球时报》记者分析称，近期国内疫情呈现多点散发，一方面与冬春季本身是呼吸道传染病活跃期相关；另一方面，目前国内主要流行的奥密克戎变异毒株感染症状较轻，加之我国疫苗接种率已经比较高，所以病毒容易隐秘传播，加大了疫情防控难度。
",疫情防控; 无症状; 感染者; 方舱医院; 确诊病例;
300,为什么中国不放弃“动态清零”策略,陈俊安;,006,2022-03-09,344,https://kns.cnki.net/kcms2/article/abstract?v=DNPf6DgFiJsn3qfrn79iHmztKIzR_LkDXoDnw8IGBBhmxmZWjnqsmIDWoqJLdomtHbx-68nfk3zoOFdo9QiVLcJ2r74-Ji8bmcwK5y7JKt3DWNbFeLh2WVGcvsUydB6u&uniplatform=NZKPT,"美国彭博社3月8日文章，原题：为什么说中国不容易放弃“动态清零”策略 去年年底，当新冠疫情在中国北部边境地区的额济纳旗暴发时，该国在退出“动态清零”策略方面的一个关键障碍暴露无遗。在医疗保健系统没有做好充分准备的情况下，任何背离“动态清零”策略的重大转变都有可能导致一场公共卫生危机。
额济纳旗人口约3万，去年10月中旬的几十例感染病例很快令当地医院不堪重负。据媒体报道，地方政府不得不用火车将140多名病人转到1000多公里外的省会呼和浩特。但不久，呼和浩特收治新冠肺炎患者的医院也开始寻求帮助。11月初，一名医生告诉媒体，医院“没有能力一下子收治这么多病人”。
这一经历表明，中国庞大而零散的医院网络——因资源分配不均和投资不足而处境艰难——面对新冠病毒是多么脆弱。如果中国像在世界其他地方一样放任这种疾病蔓延，就有可能出现前所未有的病例和死亡人数。这可以解释为什么中国不愿接受新冠疫情的地方性流行。据称官员们计划在2022年之前保持现有的政策，但也表示愿意微调政策。
“彭博情报”高级医疗分析师米娅·何（音）说：“如果中国重新开放边界，医疗系统肯定会受到很大的挑战。”她表示，中国的“医疗资源有限，这预示着系统将面临巨大的压力”。
去年12月初，曾负责新冠疫情应对的资深流行病学家梁万年对官方媒体表示，把新冠病毒的感染率和庞大的人口相乘，在一个14亿人口的国家，就是一个重症和死亡的绝对大数字。这意味着它是一个重大的公共卫生、社会和政治问题，必须加以控制。
过去两年，中国报告的新冠肺炎死亡人数不到5000人，而在人口规模约为中国1/4的美国则有超过95万人死亡。
新冠疫情前，中国的医疗保健系统就为公众所诟病。虽然政府扩大了农村医疗和国家医疗保险的覆盖面，但2020年平均每1000人只有不到3名医生，落后于主要发达国家。一个关键的挑战是医疗资源分配不均。对于生活在农村的约5亿中国人来说，获得医疗资源和医院床位的机会比城市居民要低得多。
在传染病方面，中国大多数城市设有专门收治从肺结核、艾滋病毒感染、肝炎到新冠肺炎各种疾病的医院。这种模式与“动态清零”政策配合良好的部分原因是医院能够集中力量治疗少数患者。据中国国家卫建委的数据，自去年初以来，内地没有人死于新冠肺炎。
疫情初期，中国迅速建立了临时（方舱）医院和隔离设施，但其中大部分已被拆除或停用。据一位熟悉中国国家卫生战略的人士透露，国家已要求大医院提高及早发现和控制传染病的能力，治疗仍应集中在定点医院。如果有需要，中国可以重新建立收治轻症患者的临时医院。
",清零; 中国; 中华人民共和国; 疫情;
